File,Selection,Gender,Speaker ID,y_true,y_pred,Train,Fold
NP_m_11_col01b.wav,NP,m,11,col,col,1,5
NP_m_11_col02b.wav,NP,m,11,col,col,1,5
NP_m_11_col04b.wav,NP,m,11,col,col,1,5
NP_m_11_col05b.wav,NP,m,11,col,col,1,5
NP_m_11_col06b.wav,NP,m,11,col,col,1,5
NP_m_11_col07b.wav,NP,m,11,col,col,1,5
NP_m_11_col08b.wav,NP,m,11,col,col,1,5
NP_m_11_col09b.wav,NP,m,11,col,col,1,5
NP_m_11_col10b.wav,NP,m,11,col,col,1,5
NP_m_11_col13b.wav,NP,m,11,col,col,1,5
NP_m_11_dis00a.wav,NP,m,11,dis,dis,1,5
NP_m_11_dis01b.wav,NP,m,11,dis,dis,1,5
NP_m_11_dis02b.wav,NP,m,11,dis,dis,1,5
NP_m_11_dis04b.wav,NP,m,11,dis,dis,1,5
NP_m_11_dis05b.wav,NP,m,11,dis,dis,1,5
NP_m_11_dis06b.wav,NP,m,11,dis,dis,1,5
NP_m_11_dis07b.wav,NP,m,11,dis,dis,1,5
NP_m_11_dis08b.wav,NP,m,11,dis,dis,1,5
NP_m_11_dis11b.wav,NP,m,11,dis,dis,1,5
NP_m_11_dis13b.wav,NP,m,11,dis,dis,1,5
NP_m_11_dis14b.wav,NP,m,11,dis,dis,1,5
NP_m_11_dis15b.wav,NP,m,11,dis,dis,1,5
NP_m_11_dis16b.wav,NP,m,11,dis,dis,1,5
NP_m_11_dis17b.wav,NP,m,11,dis,dis,1,5
NP_m_11_dis19b.wav,NP,m,11,dis,dis,1,5
NP_m_11_dis20b.wav,NP,m,11,dis,dis,1,5
NP_m_11_dis21b.wav,NP,m,11,dis,dis,1,5
NP_m_11_dis23b.wav,NP,m,11,dis,dis,1,5
NP_m_11_gio01b.wav,NP,m,11,gio,gio,1,5
NP_m_11_gio02b.wav,NP,m,11,gio,gio,1,5
NP_m_11_gio03b.wav,NP,m,11,gio,gio,1,5
NP_m_11_gio04b.wav,NP,m,11,gio,gio,1,5
NP_m_11_gio05b.wav,NP,m,11,gio,gio,1,5
NP_m_11_gio06b.wav,NP,m,11,gio,gio,1,5
NP_m_11_gio07b.wav,NP,m,11,gio,gio,1,5
NP_m_11_gio12b.wav,NP,m,11,gio,gio,1,5
NP_m_11_gio14b.wav,NP,m,11,gio,gio,1,5
NP_m_11_gio15b.wav,NP,m,11,gio,gio,1,5
NP_m_11_gio16b.wav,NP,m,11,gio,gio,1,5
NP_m_11_gio20b.wav,NP,m,11,gio,gio,1,5
NP_m_11_pau01b.wav,NP,m,11,pau,pau,1,5
NP_m_11_pau02b.wav,NP,m,11,pau,pau,1,5
NP_m_11_pau03b.wav,NP,m,11,pau,pau,1,5
NP_m_11_pau04b.wav,NP,m,11,pau,pau,1,5
NP_m_11_pau05b.wav,NP,m,11,pau,pau,1,5
NP_m_11_pau06b.wav,NP,m,11,pau,pau,1,5
NP_m_11_pau09b.wav,NP,m,11,pau,pau,1,5
NP_m_11_pau10b.wav,NP,m,11,pau,pau,1,5
NP_m_11_pau11b.wav,NP,m,11,pau,pau,1,5
NP_m_11_rab01b.wav,NP,m,11,rab,rab,1,5
NP_m_11_rab02b.wav,NP,m,11,rab,rab,1,5
NP_m_11_rab03b.wav,NP,m,11,rab,rab,1,5
NP_m_11_rab04b.wav,NP,m,11,rab,rab,1,5
NP_m_11_rab06b.wav,NP,m,11,rab,rab,1,5
NP_m_11_rab07b.wav,NP,m,11,rab,rab,1,5
NP_m_11_rab08b.wav,NP,m,11,rab,rab,1,5
NP_m_11_rab09b.wav,NP,m,11,rab,rab,1,5
NP_m_11_rab11b.wav,NP,m,11,rab,rab,1,5
NP_m_11_rab12b.wav,NP,m,11,rab,rab,1,5
NP_m_11_rab13b.wav,NP,m,11,rab,rab,1,5
NP_m_11_sor01b.wav,NP,m,11,sor,sor,1,5
NP_m_11_sor02b.wav,NP,m,11,sor,sor,1,5
NP_m_11_sor03b.wav,NP,m,11,sor,sor,1,5
NP_m_11_sor13b.wav,NP,m,11,sor,sor,1,5
PR_m_11_col00a.wav,PR,m,11,col,col,1,5
PR_m_11_col12b.wav,PR,m,11,col,col,1,5
PR_m_11_gio00a.wav,PR,m,11,gio,gio,1,5
PR_m_11_gio01c.wav,PR,m,11,gio,gio,1,5
PR_m_11_gio17b.wav,PR,m,11,gio,gio,1,5
PR_m_11_gio18b.wav,PR,m,11,gio,gio,1,5
PR_m_11_gio19b.wav,PR,m,11,gio,gio,1,5
PR_m_11_pau00a.wav,PR,m,11,pau,pau,1,5
PR_m_11_pau13b.wav,PR,m,11,pau,pau,1,5
PR_m_11_pau14b.wav,PR,m,11,pau,pau,1,5
PR_m_11_pau15b.wav,PR,m,11,pau,pau,1,5
PR_m_11_rab14b.wav,PR,m,11,rab,rab,1,5
PR_m_11_rab15b.wav,PR,m,11,rab,rab,1,5
PR_m_11_rab16b.wav,PR,m,11,rab,rab,1,5
PR_m_11_rab17b.wav,PR,m,11,rab,rab,1,5
PR_m_11_rab19b.wav,PR,m,11,rab,rab,1,5
PR_m_11_rab20b.wav,PR,m,11,rab,rab,1,5
PR_m_11_sor00a.wav,PR,m,11,sor,sor,1,5
PR_m_11_sor05b.wav,PR,m,11,sor,sor,1,5
PR_m_11_sor06b.wav,PR,m,11,sor,sor,1,5
PR_m_11_sor07b.wav,PR,m,11,sor,sor,1,5
PR_m_11_sor09b.wav,PR,m,11,sor,sor,1,5
PR_m_11_sor10b.wav,PR,m,11,sor,sor,1,5
PR_m_11_tri00a.wav,PR,m,11,tri,tri,1,5
PR_m_11_tri01b.wav,PR,m,11,tri,tri,1,5
PR_m_11_tri03b.wav,PR,m,11,tri,tri,1,5
PR_m_11_tri04b.wav,PR,m,11,tri,tri,1,5
PR_m_11_tri05b.wav,PR,m,11,tri,tri,1,5
PR_m_11_tri06b.wav,PR,m,11,tri,tri,1,5
PR_m_11_tri07b.wav,PR,m,11,tri,tri,1,5
PR_m_11_tri09b.wav,PR,m,11,tri,tri,1,5
PR_m_11_tri10b.wav,PR,m,11,tri,tri,1,5
PR_m_11_tri11b.wav,PR,m,11,tri,tri,1,5
PR_m_11_tri12b.wav,PR,m,11,tri,tri,1,5
PR_m_11_tri13b.wav,PR,m,11,tri,tri,1,5
PR_m_11_tri14b.wav,PR,m,11,tri,tri,1,5
PR_m_11_tri15b.wav,PR,m,11,tri,tri,1,5
PR_m_11_tri16b.wav,PR,m,11,tri,tri,1,5
PR_m_11_tri17b.wav,PR,m,11,tri,tri,1,5
PR_m_11_tri18b.wav,PR,m,11,tri,tri,1,5
NP_m_11_col03b.wav,NP,m,11,col,dis,0,5
NP_m_11_dis03b.wav,NP,m,11,dis,dis,0,5
NP_m_11_dis09b.wav,NP,m,11,dis,dis,0,5
NP_m_11_dis10b.wav,NP,m,11,dis,dis,0,5
NP_m_11_dis12b.wav,NP,m,11,dis,col,0,5
NP_m_11_pau07b.wav,NP,m,11,pau,pau,0,5
NP_m_11_pau08b.wav,NP,m,11,pau,pau,0,5
NP_m_11_rab05b.wav,NP,m,11,rab,col,0,5
NP_m_11_sor04b.wav,NP,m,11,sor,pau,0,5
PR_m_11_col11b.wav,PR,m,11,col,tri,0,5
PR_m_11_pau12b.wav,PR,m,11,pau,pau,0,5
PR_m_11_rab00a.wav,PR,m,11,rab,dis,0,5
PR_m_11_rab10b.wav,PR,m,11,rab,rab,0,5
PR_m_11_rab18b.wav,PR,m,11,rab,rab,0,5
PR_m_11_sor08b.wav,PR,m,11,sor,rab,0,5
PR_m_11_sor11b.wav,PR,m,11,sor,rab,0,5
PR_m_11_sor12b.wav,PR,m,11,sor,rab,0,5
PR_m_11_tri02b.wav,PR,m,11,tri,tri,0,5
PR_m_11_tri08b.wav,PR,m,11,tri,tri,0,5
PR_m_11_tri19b.wav,PR,m,11,tri,tri,0,5
NP_m_11_col01b.wav,NP,m,11,col,col,1,4
NP_m_11_col03b.wav,NP,m,11,col,col,1,4
NP_m_11_col04b.wav,NP,m,11,col,col,1,4
NP_m_11_col05b.wav,NP,m,11,col,col,1,4
NP_m_11_col06b.wav,NP,m,11,col,col,1,4
NP_m_11_col07b.wav,NP,m,11,col,col,1,4
NP_m_11_col08b.wav,NP,m,11,col,col,1,4
NP_m_11_col09b.wav,NP,m,11,col,col,1,4
NP_m_11_col10b.wav,NP,m,11,col,col,1,4
NP_m_11_col13b.wav,NP,m,11,col,col,1,4
NP_m_11_dis00a.wav,NP,m,11,dis,dis,1,4
NP_m_11_dis01b.wav,NP,m,11,dis,dis,1,4
NP_m_11_dis02b.wav,NP,m,11,dis,dis,1,4
NP_m_11_dis03b.wav,NP,m,11,dis,dis,1,4
NP_m_11_dis04b.wav,NP,m,11,dis,dis,1,4
NP_m_11_dis05b.wav,NP,m,11,dis,dis,1,4
NP_m_11_dis06b.wav,NP,m,11,dis,dis,1,4
NP_m_11_dis07b.wav,NP,m,11,dis,dis,1,4
NP_m_11_dis08b.wav,NP,m,11,dis,dis,1,4
NP_m_11_dis09b.wav,NP,m,11,dis,dis,1,4
NP_m_11_dis10b.wav,NP,m,11,dis,dis,1,4
NP_m_11_dis11b.wav,NP,m,11,dis,dis,1,4
NP_m_11_dis12b.wav,NP,m,11,dis,dis,1,4
NP_m_11_dis13b.wav,NP,m,11,dis,dis,1,4
NP_m_11_dis14b.wav,NP,m,11,dis,dis,1,4
NP_m_11_dis15b.wav,NP,m,11,dis,dis,1,4
NP_m_11_dis16b.wav,NP,m,11,dis,dis,1,4
NP_m_11_dis17b.wav,NP,m,11,dis,dis,1,4
NP_m_11_dis20b.wav,NP,m,11,dis,dis,1,4
NP_m_11_dis21b.wav,NP,m,11,dis,dis,1,4
NP_m_11_gio01b.wav,NP,m,11,gio,gio,1,4
NP_m_11_gio02b.wav,NP,m,11,gio,gio,1,4
NP_m_11_gio03b.wav,NP,m,11,gio,gio,1,4
NP_m_11_gio04b.wav,NP,m,11,gio,gio,1,4
NP_m_11_gio06b.wav,NP,m,11,gio,gio,1,4
NP_m_11_gio07b.wav,NP,m,11,gio,gio,1,4
NP_m_11_gio12b.wav,NP,m,11,gio,gio,1,4
NP_m_11_gio15b.wav,NP,m,11,gio,gio,1,4
NP_m_11_gio16b.wav,NP,m,11,gio,gio,1,4
NP_m_11_gio20b.wav,NP,m,11,gio,gio,1,4
NP_m_11_pau01b.wav,NP,m,11,pau,pau,1,4
NP_m_11_pau02b.wav,NP,m,11,pau,pau,1,4
NP_m_11_pau03b.wav,NP,m,11,pau,pau,1,4
NP_m_11_pau05b.wav,NP,m,11,pau,pau,1,4
NP_m_11_pau06b.wav,NP,m,11,pau,pau,1,4
NP_m_11_pau07b.wav,NP,m,11,pau,pau,1,4
NP_m_11_pau08b.wav,NP,m,11,pau,pau,1,4
NP_m_11_pau09b.wav,NP,m,11,pau,pau,1,4
NP_m_11_pau10b.wav,NP,m,11,pau,pau,1,4
NP_m_11_pau11b.wav,NP,m,11,pau,pau,1,4
NP_m_11_rab01b.wav,NP,m,11,rab,rab,1,4
NP_m_11_rab05b.wav,NP,m,11,rab,rab,1,4
NP_m_11_rab07b.wav,NP,m,11,rab,rab,1,4
NP_m_11_rab09b.wav,NP,m,11,rab,rab,1,4
NP_m_11_rab11b.wav,NP,m,11,rab,rab,1,4
NP_m_11_rab12b.wav,NP,m,11,rab,rab,1,4
NP_m_11_rab13b.wav,NP,m,11,rab,rab,1,4
NP_m_11_sor01b.wav,NP,m,11,sor,sor,1,4
NP_m_11_sor02b.wav,NP,m,11,sor,sor,1,4
NP_m_11_sor03b.wav,NP,m,11,sor,sor,1,4
NP_m_11_sor04b.wav,NP,m,11,sor,sor,1,4
NP_m_11_sor13b.wav,NP,m,11,sor,sor,1,4
PR_m_11_col00a.wav,PR,m,11,col,col,1,4
PR_m_11_col11b.wav,PR,m,11,col,col,1,4
PR_m_11_gio00a.wav,PR,m,11,gio,gio,1,4
PR_m_11_gio01c.wav,PR,m,11,gio,gio,1,4
PR_m_11_gio17b.wav,PR,m,11,gio,gio,1,4
PR_m_11_gio19b.wav,PR,m,11,gio,gio,1,4
PR_m_11_pau00a.wav,PR,m,11,pau,pau,1,4
PR_m_11_pau12b.wav,PR,m,11,pau,pau,1,4
PR_m_11_pau13b.wav,PR,m,11,pau,pau,1,4
PR_m_11_pau14b.wav,PR,m,11,pau,pau,1,4
PR_m_11_pau15b.wav,PR,m,11,pau,pau,1,4
PR_m_11_rab00a.wav,PR,m,11,rab,rab,1,4
PR_m_11_rab10b.wav,PR,m,11,rab,rab,1,4
PR_m_11_rab15b.wav,PR,m,11,rab,rab,1,4
PR_m_11_rab16b.wav,PR,m,11,rab,rab,1,4
PR_m_11_rab17b.wav,PR,m,11,rab,rab,1,4
PR_m_11_rab18b.wav,PR,m,11,rab,rab,1,4
PR_m_11_rab19b.wav,PR,m,11,rab,rab,1,4
PR_m_11_rab20b.wav,PR,m,11,rab,rab,1,4
PR_m_11_sor00a.wav,PR,m,11,sor,sor,1,4
PR_m_11_sor05b.wav,PR,m,11,sor,sor,1,4
PR_m_11_sor07b.wav,PR,m,11,sor,sor,1,4
PR_m_11_sor08b.wav,PR,m,11,sor,sor,1,4
PR_m_11_sor09b.wav,PR,m,11,sor,sor,1,4
PR_m_11_sor10b.wav,PR,m,11,sor,sor,1,4
PR_m_11_sor11b.wav,PR,m,11,sor,sor,1,4
PR_m_11_sor12b.wav,PR,m,11,sor,sor,1,4
PR_m_11_tri00a.wav,PR,m,11,tri,tri,1,4
PR_m_11_tri02b.wav,PR,m,11,tri,tri,1,4
PR_m_11_tri03b.wav,PR,m,11,tri,tri,1,4
PR_m_11_tri05b.wav,PR,m,11,tri,tri,1,4
PR_m_11_tri07b.wav,PR,m,11,tri,tri,1,4
PR_m_11_tri08b.wav,PR,m,11,tri,tri,1,4
PR_m_11_tri09b.wav,PR,m,11,tri,tri,1,4
PR_m_11_tri10b.wav,PR,m,11,tri,tri,1,4
PR_m_11_tri11b.wav,PR,m,11,tri,tri,1,4
PR_m_11_tri13b.wav,PR,m,11,tri,tri,1,4
PR_m_11_tri14b.wav,PR,m,11,tri,tri,1,4
PR_m_11_tri15b.wav,PR,m,11,tri,tri,1,4
PR_m_11_tri17b.wav,PR,m,11,tri,tri,1,4
PR_m_11_tri18b.wav,PR,m,11,tri,tri,1,4
PR_m_11_tri19b.wav,PR,m,11,tri,tri,1,4
NP_m_11_col02b.wav,NP,m,11,col,dis,0,4
NP_m_11_dis19b.wav,NP,m,11,dis,dis,0,4
NP_m_11_dis23b.wav,NP,m,11,dis,dis,0,4
NP_m_11_gio05b.wav,NP,m,11,gio,gio,0,4
NP_m_11_gio14b.wav,NP,m,11,gio,pau,0,4
NP_m_11_pau04b.wav,NP,m,11,pau,tri,0,4
NP_m_11_rab02b.wav,NP,m,11,rab,gio,0,4
NP_m_11_rab03b.wav,NP,m,11,rab,rab,0,4
NP_m_11_rab04b.wav,NP,m,11,rab,sor,0,4
NP_m_11_rab06b.wav,NP,m,11,rab,dis,0,4
NP_m_11_rab08b.wav,NP,m,11,rab,rab,0,4
PR_m_11_col12b.wav,PR,m,11,col,col,0,4
PR_m_11_gio18b.wav,PR,m,11,gio,pau,0,4
PR_m_11_rab14b.wav,PR,m,11,rab,rab,0,4
PR_m_11_sor06b.wav,PR,m,11,sor,sor,0,4
PR_m_11_tri01b.wav,PR,m,11,tri,pau,0,4
PR_m_11_tri04b.wav,PR,m,11,tri,tri,0,4
PR_m_11_tri06b.wav,PR,m,11,tri,tri,0,4
PR_m_11_tri12b.wav,PR,m,11,tri,col,0,4
PR_m_11_tri16b.wav,PR,m,11,tri,tri,0,4
NP_m_11_col01b.wav,NP,m,11,col,col,1,3
NP_m_11_col02b.wav,NP,m,11,col,col,1,3
NP_m_11_col03b.wav,NP,m,11,col,col,1,3
NP_m_11_col05b.wav,NP,m,11,col,col,1,3
NP_m_11_col06b.wav,NP,m,11,col,col,1,3
NP_m_11_col08b.wav,NP,m,11,col,col,1,3
NP_m_11_col10b.wav,NP,m,11,col,col,1,3
NP_m_11_col13b.wav,NP,m,11,col,col,1,3
NP_m_11_dis00a.wav,NP,m,11,dis,dis,1,3
NP_m_11_dis01b.wav,NP,m,11,dis,dis,1,3
NP_m_11_dis03b.wav,NP,m,11,dis,dis,1,3
NP_m_11_dis04b.wav,NP,m,11,dis,dis,1,3
NP_m_11_dis05b.wav,NP,m,11,dis,dis,1,3
NP_m_11_dis07b.wav,NP,m,11,dis,dis,1,3
NP_m_11_dis08b.wav,NP,m,11,dis,dis,1,3
NP_m_11_dis09b.wav,NP,m,11,dis,dis,1,3
NP_m_11_dis10b.wav,NP,m,11,dis,dis,1,3
NP_m_11_dis11b.wav,NP,m,11,dis,dis,1,3
NP_m_11_dis12b.wav,NP,m,11,dis,dis,1,3
NP_m_11_dis13b.wav,NP,m,11,dis,dis,1,3
NP_m_11_dis14b.wav,NP,m,11,dis,dis,1,3
NP_m_11_dis15b.wav,NP,m,11,dis,dis,1,3
NP_m_11_dis16b.wav,NP,m,11,dis,dis,1,3
NP_m_11_dis17b.wav,NP,m,11,dis,dis,1,3
NP_m_11_dis19b.wav,NP,m,11,dis,dis,1,3
NP_m_11_dis20b.wav,NP,m,11,dis,dis,1,3
NP_m_11_dis21b.wav,NP,m,11,dis,dis,1,3
NP_m_11_dis23b.wav,NP,m,11,dis,dis,1,3
NP_m_11_gio01b.wav,NP,m,11,gio,gio,1,3
NP_m_11_gio02b.wav,NP,m,11,gio,gio,1,3
NP_m_11_gio03b.wav,NP,m,11,gio,gio,1,3
NP_m_11_gio04b.wav,NP,m,11,gio,gio,1,3
NP_m_11_gio05b.wav,NP,m,11,gio,gio,1,3
NP_m_11_gio07b.wav,NP,m,11,gio,gio,1,3
NP_m_11_gio12b.wav,NP,m,11,gio,gio,1,3
NP_m_11_gio14b.wav,NP,m,11,gio,gio,1,3
NP_m_11_gio15b.wav,NP,m,11,gio,gio,1,3
NP_m_11_gio16b.wav,NP,m,11,gio,gio,1,3
NP_m_11_gio20b.wav,NP,m,11,gio,gio,1,3
NP_m_11_pau01b.wav,NP,m,11,pau,pau,1,3
NP_m_11_pau03b.wav,NP,m,11,pau,pau,1,3
NP_m_11_pau04b.wav,NP,m,11,pau,pau,1,3
NP_m_11_pau05b.wav,NP,m,11,pau,pau,1,3
NP_m_11_pau07b.wav,NP,m,11,pau,pau,1,3
NP_m_11_pau08b.wav,NP,m,11,pau,pau,1,3
NP_m_11_pau09b.wav,NP,m,11,pau,pau,1,3
NP_m_11_pau11b.wav,NP,m,11,pau,pau,1,3
NP_m_11_rab01b.wav,NP,m,11,rab,rab,1,3
NP_m_11_rab02b.wav,NP,m,11,rab,rab,1,3
NP_m_11_rab03b.wav,NP,m,11,rab,rab,1,3
NP_m_11_rab04b.wav,NP,m,11,rab,rab,1,3
NP_m_11_rab05b.wav,NP,m,11,rab,rab,1,3
NP_m_11_rab06b.wav,NP,m,11,rab,rab,1,3
NP_m_11_rab07b.wav,NP,m,11,rab,rab,1,3
NP_m_11_rab08b.wav,NP,m,11,rab,rab,1,3
NP_m_11_rab09b.wav,NP,m,11,rab,rab,1,3
NP_m_11_rab11b.wav,NP,m,11,rab,rab,1,3
NP_m_11_rab12b.wav,NP,m,11,rab,rab,1,3
NP_m_11_rab13b.wav,NP,m,11,rab,rab,1,3
NP_m_11_sor01b.wav,NP,m,11,sor,sor,1,3
NP_m_11_sor03b.wav,NP,m,11,sor,sor,1,3
NP_m_11_sor04b.wav,NP,m,11,sor,sor,1,3
PR_m_11_col00a.wav,PR,m,11,col,col,1,3
PR_m_11_col11b.wav,PR,m,11,col,col,1,3
PR_m_11_col12b.wav,PR,m,11,col,col,1,3
PR_m_11_gio00a.wav,PR,m,11,gio,gio,1,3
PR_m_11_gio01c.wav,PR,m,11,gio,gio,1,3
PR_m_11_gio17b.wav,PR,m,11,gio,gio,1,3
PR_m_11_gio18b.wav,PR,m,11,gio,gio,1,3
PR_m_11_pau00a.wav,PR,m,11,pau,pau,1,3
PR_m_11_pau12b.wav,PR,m,11,pau,pau,1,3
PR_m_11_pau15b.wav,PR,m,11,pau,pau,1,3
PR_m_11_rab00a.wav,PR,m,11,rab,rab,1,3
PR_m_11_rab10b.wav,PR,m,11,rab,rab,1,3
PR_m_11_rab14b.wav,PR,m,11,rab,rab,1,3
PR_m_11_rab15b.wav,PR,m,11,rab,rab,1,3
PR_m_11_rab16b.wav,PR,m,11,rab,rab,1,3
PR_m_11_rab17b.wav,PR,m,11,rab,rab,1,3
PR_m_11_rab18b.wav,PR,m,11,rab,rab,1,3
PR_m_11_rab19b.wav,PR,m,11,rab,rab,1,3
PR_m_11_sor00a.wav,PR,m,11,sor,sor,1,3
PR_m_11_sor06b.wav,PR,m,11,sor,sor,1,3
PR_m_11_sor08b.wav,PR,m,11,sor,sor,1,3
PR_m_11_sor09b.wav,PR,m,11,sor,sor,1,3
PR_m_11_sor10b.wav,PR,m,11,sor,sor,1,3
PR_m_11_sor11b.wav,PR,m,11,sor,sor,1,3
PR_m_11_sor12b.wav,PR,m,11,sor,sor,1,3
PR_m_11_tri01b.wav,PR,m,11,tri,tri,1,3
PR_m_11_tri02b.wav,PR,m,11,tri,tri,1,3
PR_m_11_tri03b.wav,PR,m,11,tri,tri,1,3
PR_m_11_tri04b.wav,PR,m,11,tri,tri,1,3
PR_m_11_tri06b.wav,PR,m,11,tri,tri,1,3
PR_m_11_tri07b.wav,PR,m,11,tri,tri,1,3
PR_m_11_tri08b.wav,PR,m,11,tri,tri,1,3
PR_m_11_tri09b.wav,PR,m,11,tri,tri,1,3
PR_m_11_tri10b.wav,PR,m,11,tri,tri,1,3
PR_m_11_tri12b.wav,PR,m,11,tri,tri,1,3
PR_m_11_tri13b.wav,PR,m,11,tri,tri,1,3
PR_m_11_tri14b.wav,PR,m,11,tri,tri,1,3
PR_m_11_tri16b.wav,PR,m,11,tri,tri,1,3
PR_m_11_tri17b.wav,PR,m,11,tri,tri,1,3
PR_m_11_tri18b.wav,PR,m,11,tri,tri,1,3
PR_m_11_tri19b.wav,PR,m,11,tri,tri,1,3
NP_m_11_col04b.wav,NP,m,11,col,dis,0,3
NP_m_11_col07b.wav,NP,m,11,col,dis,0,3
NP_m_11_col09b.wav,NP,m,11,col,col,0,3
NP_m_11_dis02b.wav,NP,m,11,dis,dis,0,3
NP_m_11_dis06b.wav,NP,m,11,dis,gio,0,3
NP_m_11_gio06b.wav,NP,m,11,gio,rab,0,3
NP_m_11_pau02b.wav,NP,m,11,pau,gio,0,3
NP_m_11_pau06b.wav,NP,m,11,pau,pau,0,3
NP_m_11_pau10b.wav,NP,m,11,pau,rab,0,3
NP_m_11_sor02b.wav,NP,m,11,sor,pau,0,3
NP_m_11_sor13b.wav,NP,m,11,sor,rab,0,3
PR_m_11_gio19b.wav,PR,m,11,gio,rab,0,3
PR_m_11_pau13b.wav,PR,m,11,pau,rab,0,3
PR_m_11_pau14b.wav,PR,m,11,pau,sor,0,3
PR_m_11_rab20b.wav,PR,m,11,rab,rab,0,3
PR_m_11_sor05b.wav,PR,m,11,sor,gio,0,3
PR_m_11_sor07b.wav,PR,m,11,sor,sor,0,3
PR_m_11_tri00a.wav,PR,m,11,tri,tri,0,3
PR_m_11_tri05b.wav,PR,m,11,tri,tri,0,3
PR_m_11_tri11b.wav,PR,m,11,tri,col,0,3
PR_m_11_tri15b.wav,PR,m,11,tri,tri,0,3
NP_m_11_col01b.wav,NP,m,11,col,col,1,2
NP_m_11_col02b.wav,NP,m,11,col,col,1,2
NP_m_11_col03b.wav,NP,m,11,col,col,1,2
NP_m_11_col04b.wav,NP,m,11,col,col,1,2
NP_m_11_col05b.wav,NP,m,11,col,col,1,2
NP_m_11_col07b.wav,NP,m,11,col,col,1,2
NP_m_11_col09b.wav,NP,m,11,col,col,1,2
NP_m_11_col13b.wav,NP,m,11,col,col,1,2
NP_m_11_dis00a.wav,NP,m,11,dis,dis,1,2
NP_m_11_dis01b.wav,NP,m,11,dis,dis,1,2
NP_m_11_dis02b.wav,NP,m,11,dis,dis,1,2
NP_m_11_dis03b.wav,NP,m,11,dis,dis,1,2
NP_m_11_dis04b.wav,NP,m,11,dis,dis,1,2
NP_m_11_dis06b.wav,NP,m,11,dis,dis,1,2
NP_m_11_dis07b.wav,NP,m,11,dis,dis,1,2
NP_m_11_dis08b.wav,NP,m,11,dis,dis,1,2
NP_m_11_dis09b.wav,NP,m,11,dis,dis,1,2
NP_m_11_dis10b.wav,NP,m,11,dis,dis,1,2
NP_m_11_dis11b.wav,NP,m,11,dis,dis,1,2
NP_m_11_dis12b.wav,NP,m,11,dis,dis,1,2
NP_m_11_dis13b.wav,NP,m,11,dis,dis,1,2
NP_m_11_dis15b.wav,NP,m,11,dis,dis,1,2
NP_m_11_dis16b.wav,NP,m,11,dis,dis,1,2
NP_m_11_dis19b.wav,NP,m,11,dis,dis,1,2
NP_m_11_dis20b.wav,NP,m,11,dis,dis,1,2
NP_m_11_dis21b.wav,NP,m,11,dis,dis,1,2
NP_m_11_dis23b.wav,NP,m,11,dis,dis,1,2
NP_m_11_gio04b.wav,NP,m,11,gio,gio,1,2
NP_m_11_gio05b.wav,NP,m,11,gio,gio,1,2
NP_m_11_gio06b.wav,NP,m,11,gio,gio,1,2
NP_m_11_gio12b.wav,NP,m,11,gio,gio,1,2
NP_m_11_gio14b.wav,NP,m,11,gio,gio,1,2
NP_m_11_gio15b.wav,NP,m,11,gio,gio,1,2
NP_m_11_gio20b.wav,NP,m,11,gio,gio,1,2
NP_m_11_pau01b.wav,NP,m,11,pau,pau,1,2
NP_m_11_pau02b.wav,NP,m,11,pau,pau,1,2
NP_m_11_pau03b.wav,NP,m,11,pau,pau,1,2
NP_m_11_pau04b.wav,NP,m,11,pau,pau,1,2
NP_m_11_pau06b.wav,NP,m,11,pau,pau,1,2
NP_m_11_pau07b.wav,NP,m,11,pau,pau,1,2
NP_m_11_pau08b.wav,NP,m,11,pau,pau,1,2
NP_m_11_pau09b.wav,NP,m,11,pau,pau,1,2
NP_m_11_pau10b.wav,NP,m,11,pau,pau,1,2
NP_m_11_pau11b.wav,NP,m,11,pau,pau,1,2
NP_m_11_rab01b.wav,NP,m,11,rab,rab,1,2
NP_m_11_rab02b.wav,NP,m,11,rab,rab,1,2
NP_m_11_rab03b.wav,NP,m,11,rab,rab,1,2
NP_m_11_rab04b.wav,NP,m,11,rab,rab,1,2
NP_m_11_rab05b.wav,NP,m,11,rab,rab,1,2
NP_m_11_rab06b.wav,NP,m,11,rab,rab,1,2
NP_m_11_rab08b.wav,NP,m,11,rab,rab,1,2
NP_m_11_rab09b.wav,NP,m,11,rab,rab,1,2
NP_m_11_rab13b.wav,NP,m,11,rab,rab,1,2
NP_m_11_sor02b.wav,NP,m,11,sor,sor,1,2
NP_m_11_sor04b.wav,NP,m,11,sor,sor,1,2
NP_m_11_sor13b.wav,NP,m,11,sor,sor,1,2
PR_m_11_col00a.wav,PR,m,11,col,col,1,2
PR_m_11_col11b.wav,PR,m,11,col,col,1,2
PR_m_11_col12b.wav,PR,m,11,col,col,1,2
PR_m_11_gio00a.wav,PR,m,11,gio,gio,1,2
PR_m_11_gio01c.wav,PR,m,11,gio,gio,1,2
PR_m_11_gio17b.wav,PR,m,11,gio,gio,1,2
PR_m_11_gio18b.wav,PR,m,11,gio,gio,1,2
PR_m_11_gio19b.wav,PR,m,11,gio,gio,1,2
PR_m_11_pau00a.wav,PR,m,11,pau,pau,1,2
PR_m_11_pau12b.wav,PR,m,11,pau,pau,1,2
PR_m_11_pau13b.wav,PR,m,11,pau,pau,1,2
PR_m_11_pau14b.wav,PR,m,11,pau,pau,1,2
PR_m_11_pau15b.wav,PR,m,11,pau,pau,1,2
PR_m_11_rab00a.wav,PR,m,11,rab,rab,1,2
PR_m_11_rab10b.wav,PR,m,11,rab,rab,1,2
PR_m_11_rab14b.wav,PR,m,11,rab,rab,1,2
PR_m_11_rab15b.wav,PR,m,11,rab,rab,1,2
PR_m_11_rab16b.wav,PR,m,11,rab,rab,1,2
PR_m_11_rab18b.wav,PR,m,11,rab,rab,1,2
PR_m_11_rab19b.wav,PR,m,11,rab,rab,1,2
PR_m_11_rab20b.wav,PR,m,11,rab,rab,1,2
PR_m_11_sor00a.wav,PR,m,11,sor,sor,1,2
PR_m_11_sor05b.wav,PR,m,11,sor,sor,1,2
PR_m_11_sor06b.wav,PR,m,11,sor,sor,1,2
PR_m_11_sor07b.wav,PR,m,11,sor,sor,1,2
PR_m_11_sor08b.wav,PR,m,11,sor,sor,1,2
PR_m_11_sor09b.wav,PR,m,11,sor,sor,1,2
PR_m_11_sor10b.wav,PR,m,11,sor,sor,1,2
PR_m_11_sor11b.wav,PR,m,11,sor,sor,1,2
PR_m_11_sor12b.wav,PR,m,11,sor,sor,1,2
PR_m_11_tri00a.wav,PR,m,11,tri,tri,1,2
PR_m_11_tri01b.wav,PR,m,11,tri,tri,1,2
PR_m_11_tri02b.wav,PR,m,11,tri,tri,1,2
PR_m_11_tri03b.wav,PR,m,11,tri,tri,1,2
PR_m_11_tri04b.wav,PR,m,11,tri,tri,1,2
PR_m_11_tri05b.wav,PR,m,11,tri,tri,1,2
PR_m_11_tri06b.wav,PR,m,11,tri,tri,1,2
PR_m_11_tri07b.wav,PR,m,11,tri,tri,1,2
PR_m_11_tri08b.wav,PR,m,11,tri,tri,1,2
PR_m_11_tri09b.wav,PR,m,11,tri,tri,1,2
PR_m_11_tri11b.wav,PR,m,11,tri,tri,1,2
PR_m_11_tri12b.wav,PR,m,11,tri,tri,1,2
PR_m_11_tri15b.wav,PR,m,11,tri,tri,1,2
PR_m_11_tri16b.wav,PR,m,11,tri,tri,1,2
PR_m_11_tri17b.wav,PR,m,11,tri,tri,1,2
PR_m_11_tri18b.wav,PR,m,11,tri,tri,1,2
PR_m_11_tri19b.wav,PR,m,11,tri,tri,1,2
NP_m_11_col06b.wav,NP,m,11,col,tri,0,2
NP_m_11_col08b.wav,NP,m,11,col,dis,0,2
NP_m_11_col10b.wav,NP,m,11,col,col,0,2
NP_m_11_dis05b.wav,NP,m,11,dis,dis,0,2
NP_m_11_dis14b.wav,NP,m,11,dis,dis,0,2
NP_m_11_dis17b.wav,NP,m,11,dis,pau,0,2
NP_m_11_gio01b.wav,NP,m,11,gio,rab,0,2
NP_m_11_gio02b.wav,NP,m,11,gio,rab,0,2
NP_m_11_gio03b.wav,NP,m,11,gio,col,0,2
NP_m_11_gio07b.wav,NP,m,11,gio,rab,0,2
NP_m_11_gio16b.wav,NP,m,11,gio,pau,0,2
NP_m_11_pau05b.wav,NP,m,11,pau,tri,0,2
NP_m_11_rab07b.wav,NP,m,11,rab,pau,0,2
NP_m_11_rab11b.wav,NP,m,11,rab,rab,0,2
NP_m_11_rab12b.wav,NP,m,11,rab,rab,0,2
NP_m_11_sor01b.wav,NP,m,11,sor,pau,0,2
NP_m_11_sor03b.wav,NP,m,11,sor,pau,0,2
PR_m_11_rab17b.wav,PR,m,11,rab,rab,0,2
PR_m_11_tri10b.wav,PR,m,11,tri,tri,0,2
PR_m_11_tri13b.wav,PR,m,11,tri,tri,0,2
PR_m_11_tri14b.wav,PR,m,11,tri,tri,0,2
NP_m_11_col02b.wav,NP,m,11,col,col,1,1
NP_m_11_col03b.wav,NP,m,11,col,col,1,1
NP_m_11_col04b.wav,NP,m,11,col,col,1,1
NP_m_11_col05b.wav,NP,m,11,col,col,1,1
NP_m_11_col06b.wav,NP,m,11,col,col,1,1
NP_m_11_col07b.wav,NP,m,11,col,col,1,1
NP_m_11_col08b.wav,NP,m,11,col,col,1,1
NP_m_11_col09b.wav,NP,m,11,col,col,1,1
NP_m_11_col10b.wav,NP,m,11,col,col,1,1
NP_m_11_col13b.wav,NP,m,11,col,col,1,1
NP_m_11_dis00a.wav,NP,m,11,dis,dis,1,1
NP_m_11_dis02b.wav,NP,m,11,dis,dis,1,1
NP_m_11_dis03b.wav,NP,m,11,dis,dis,1,1
NP_m_11_dis05b.wav,NP,m,11,dis,dis,1,1
NP_m_11_dis06b.wav,NP,m,11,dis,dis,1,1
NP_m_11_dis07b.wav,NP,m,11,dis,dis,1,1
NP_m_11_dis08b.wav,NP,m,11,dis,dis,1,1
NP_m_11_dis09b.wav,NP,m,11,dis,dis,1,1
NP_m_11_dis10b.wav,NP,m,11,dis,dis,1,1
NP_m_11_dis12b.wav,NP,m,11,dis,dis,1,1
NP_m_11_dis14b.wav,NP,m,11,dis,dis,1,1
NP_m_11_dis16b.wav,NP,m,11,dis,dis,1,1
NP_m_11_dis17b.wav,NP,m,11,dis,dis,1,1
NP_m_11_dis19b.wav,NP,m,11,dis,dis,1,1
NP_m_11_dis23b.wav,NP,m,11,dis,dis,1,1
NP_m_11_gio01b.wav,NP,m,11,gio,gio,1,1
NP_m_11_gio02b.wav,NP,m,11,gio,gio,1,1
NP_m_11_gio03b.wav,NP,m,11,gio,gio,1,1
NP_m_11_gio04b.wav,NP,m,11,gio,gio,1,1
NP_m_11_gio05b.wav,NP,m,11,gio,gio,1,1
NP_m_11_gio06b.wav,NP,m,11,gio,gio,1,1
NP_m_11_gio07b.wav,NP,m,11,gio,gio,1,1
NP_m_11_gio14b.wav,NP,m,11,gio,gio,1,1
NP_m_11_gio15b.wav,NP,m,11,gio,gio,1,1
NP_m_11_gio16b.wav,NP,m,11,gio,gio,1,1
NP_m_11_gio20b.wav,NP,m,11,gio,gio,1,1
NP_m_11_pau02b.wav,NP,m,11,pau,pau,1,1
NP_m_11_pau03b.wav,NP,m,11,pau,pau,1,1
NP_m_11_pau04b.wav,NP,m,11,pau,pau,1,1
NP_m_11_pau05b.wav,NP,m,11,pau,pau,1,1
NP_m_11_pau06b.wav,NP,m,11,pau,pau,1,1
NP_m_11_pau07b.wav,NP,m,11,pau,pau,1,1
NP_m_11_pau08b.wav,NP,m,11,pau,pau,1,1
NP_m_11_pau09b.wav,NP,m,11,pau,pau,1,1
NP_m_11_pau10b.wav,NP,m,11,pau,pau,1,1
NP_m_11_rab01b.wav,NP,m,11,rab,rab,1,1
NP_m_11_rab02b.wav,NP,m,11,rab,rab,1,1
NP_m_11_rab03b.wav,NP,m,11,rab,rab,1,1
NP_m_11_rab04b.wav,NP,m,11,rab,rab,1,1
NP_m_11_rab05b.wav,NP,m,11,rab,rab,1,1
NP_m_11_rab06b.wav,NP,m,11,rab,rab,1,1
NP_m_11_rab07b.wav,NP,m,11,rab,rab,1,1
NP_m_11_rab08b.wav,NP,m,11,rab,rab,1,1
NP_m_11_rab11b.wav,NP,m,11,rab,rab,1,1
NP_m_11_rab12b.wav,NP,m,11,rab,rab,1,1
NP_m_11_sor01b.wav,NP,m,11,sor,sor,1,1
NP_m_11_sor02b.wav,NP,m,11,sor,sor,1,1
NP_m_11_sor03b.wav,NP,m,11,sor,sor,1,1
NP_m_11_sor04b.wav,NP,m,11,sor,sor,1,1
NP_m_11_sor13b.wav,NP,m,11,sor,sor,1,1
PR_m_11_col11b.wav,PR,m,11,col,col,1,1
PR_m_11_col12b.wav,PR,m,11,col,col,1,1
PR_m_11_gio00a.wav,PR,m,11,gio,gio,1,1
PR_m_11_gio01c.wav,PR,m,11,gio,gio,1,1
PR_m_11_gio18b.wav,PR,m,11,gio,gio,1,1
PR_m_11_gio19b.wav,PR,m,11,gio,gio,1,1
PR_m_11_pau12b.wav,PR,m,11,pau,pau,1,1
PR_m_11_pau13b.wav,PR,m,11,pau,pau,1,1
PR_m_11_pau14b.wav,PR,m,11,pau,pau,1,1
PR_m_11_rab00a.wav,PR,m,11,rab,rab,1,1
PR_m_11_rab10b.wav,PR,m,11,rab,rab,1,1
PR_m_11_rab14b.wav,PR,m,11,rab,rab,1,1
PR_m_11_rab16b.wav,PR,m,11,rab,rab,1,1
PR_m_11_rab17b.wav,PR,m,11,rab,rab,1,1
PR_m_11_rab18b.wav,PR,m,11,rab,rab,1,1
PR_m_11_rab20b.wav,PR,m,11,rab,rab,1,1
PR_m_11_sor00a.wav,PR,m,11,sor,sor,1,1
PR_m_11_sor05b.wav,PR,m,11,sor,sor,1,1
PR_m_11_sor06b.wav,PR,m,11,sor,sor,1,1
PR_m_11_sor07b.wav,PR,m,11,sor,sor,1,1
PR_m_11_sor08b.wav,PR,m,11,sor,sor,1,1
PR_m_11_sor09b.wav,PR,m,11,sor,sor,1,1
PR_m_11_sor10b.wav,PR,m,11,sor,sor,1,1
PR_m_11_sor11b.wav,PR,m,11,sor,sor,1,1
PR_m_11_sor12b.wav,PR,m,11,sor,sor,1,1
PR_m_11_tri00a.wav,PR,m,11,tri,tri,1,1
PR_m_11_tri01b.wav,PR,m,11,tri,tri,1,1
PR_m_11_tri02b.wav,PR,m,11,tri,tri,1,1
PR_m_11_tri04b.wav,PR,m,11,tri,tri,1,1
PR_m_11_tri05b.wav,PR,m,11,tri,tri,1,1
PR_m_11_tri06b.wav,PR,m,11,tri,tri,1,1
PR_m_11_tri08b.wav,PR,m,11,tri,tri,1,1
PR_m_11_tri09b.wav,PR,m,11,tri,tri,1,1
PR_m_11_tri10b.wav,PR,m,11,tri,tri,1,1
PR_m_11_tri11b.wav,PR,m,11,tri,tri,1,1
PR_m_11_tri12b.wav,PR,m,11,tri,tri,1,1
PR_m_11_tri13b.wav,PR,m,11,tri,tri,1,1
PR_m_11_tri14b.wav,PR,m,11,tri,tri,1,1
PR_m_11_tri15b.wav,PR,m,11,tri,tri,1,1
PR_m_11_tri16b.wav,PR,m,11,tri,tri,1,1
PR_m_11_tri17b.wav,PR,m,11,tri,tri,1,1
PR_m_11_tri18b.wav,PR,m,11,tri,tri,1,1
PR_m_11_tri19b.wav,PR,m,11,tri,tri,1,1
NP_m_11_col01b.wav,NP,m,11,col,col,0,1
NP_m_11_dis01b.wav,NP,m,11,dis,rab,0,1
NP_m_11_dis04b.wav,NP,m,11,dis,dis,0,1
NP_m_11_dis11b.wav,NP,m,11,dis,dis,0,1
NP_m_11_dis13b.wav,NP,m,11,dis,pau,0,1
NP_m_11_dis15b.wav,NP,m,11,dis,col,0,1
NP_m_11_dis20b.wav,NP,m,11,dis,dis,0,1
NP_m_11_dis21b.wav,NP,m,11,dis,dis,0,1
NP_m_11_gio12b.wav,NP,m,11,gio,gio,0,1
NP_m_11_pau01b.wav,NP,m,11,pau,pau,0,1
NP_m_11_pau11b.wav,NP,m,11,pau,pau,0,1
NP_m_11_rab09b.wav,NP,m,11,rab,gio,0,1
NP_m_11_rab13b.wav,NP,m,11,rab,rab,0,1
PR_m_11_col00a.wav,PR,m,11,col,tri,0,1
PR_m_11_gio17b.wav,PR,m,11,gio,sor,0,1
PR_m_11_pau00a.wav,PR,m,11,pau,dis,0,1
PR_m_11_pau15b.wav,PR,m,11,pau,sor,0,1
PR_m_11_rab15b.wav,PR,m,11,rab,rab,0,1
PR_m_11_rab19b.wav,PR,m,11,rab,rab,0,1
PR_m_11_tri03b.wav,PR,m,11,tri,tri,0,1
PR_m_11_tri07b.wav,PR,m,11,tri,tri,0,1
NP_m_11_col01b.wav,NP,m,11,col,col,1,0
NP_m_11_col02b.wav,NP,m,11,col,col,1,0
NP_m_11_col03b.wav,NP,m,11,col,col,1,0
NP_m_11_col04b.wav,NP,m,11,col,col,1,0
NP_m_11_col06b.wav,NP,m,11,col,col,1,0
NP_m_11_col07b.wav,NP,m,11,col,col,1,0
NP_m_11_col08b.wav,NP,m,11,col,col,1,0
NP_m_11_col09b.wav,NP,m,11,col,col,1,0
NP_m_11_col10b.wav,NP,m,11,col,col,1,0
NP_m_11_dis01b.wav,NP,m,11,dis,dis,1,0
NP_m_11_dis02b.wav,NP,m,11,dis,dis,1,0
NP_m_11_dis03b.wav,NP,m,11,dis,dis,1,0
NP_m_11_dis04b.wav,NP,m,11,dis,dis,1,0
NP_m_11_dis05b.wav,NP,m,11,dis,dis,1,0
NP_m_11_dis06b.wav,NP,m,11,dis,dis,1,0
NP_m_11_dis09b.wav,NP,m,11,dis,dis,1,0
NP_m_11_dis10b.wav,NP,m,11,dis,dis,1,0
NP_m_11_dis11b.wav,NP,m,11,dis,dis,1,0
NP_m_11_dis12b.wav,NP,m,11,dis,dis,1,0
NP_m_11_dis13b.wav,NP,m,11,dis,dis,1,0
NP_m_11_dis14b.wav,NP,m,11,dis,dis,1,0
NP_m_11_dis15b.wav,NP,m,11,dis,dis,1,0
NP_m_11_dis17b.wav,NP,m,11,dis,dis,1,0
NP_m_11_dis19b.wav,NP,m,11,dis,dis,1,0
NP_m_11_dis20b.wav,NP,m,11,dis,dis,1,0
NP_m_11_dis21b.wav,NP,m,11,dis,dis,1,0
NP_m_11_dis23b.wav,NP,m,11,dis,dis,1,0
NP_m_11_gio01b.wav,NP,m,11,gio,gio,1,0
NP_m_11_gio02b.wav,NP,m,11,gio,gio,1,0
NP_m_11_gio03b.wav,NP,m,11,gio,gio,1,0
NP_m_11_gio05b.wav,NP,m,11,gio,gio,1,0
NP_m_11_gio06b.wav,NP,m,11,gio,gio,1,0
NP_m_11_gio07b.wav,NP,m,11,gio,gio,1,0
NP_m_11_gio12b.wav,NP,m,11,gio,gio,1,0
NP_m_11_gio14b.wav,NP,m,11,gio,gio,1,0
NP_m_11_gio16b.wav,NP,m,11,gio,gio,1,0
NP_m_11_pau01b.wav,NP,m,11,pau,pau,1,0
NP_m_11_pau02b.wav,NP,m,11,pau,pau,1,0
NP_m_11_pau04b.wav,NP,m,11,pau,pau,1,0
NP_m_11_pau05b.wav,NP,m,11,pau,pau,1,0
NP_m_11_pau06b.wav,NP,m,11,pau,pau,1,0
NP_m_11_pau07b.wav,NP,m,11,pau,pau,1,0
NP_m_11_pau08b.wav,NP,m,11,pau,pau,1,0
NP_m_11_pau10b.wav,NP,m,11,pau,pau,1,0
NP_m_11_pau11b.wav,NP,m,11,pau,pau,1,0
NP_m_11_rab02b.wav,NP,m,11,rab,rab,1,0
NP_m_11_rab03b.wav,NP,m,11,rab,rab,1,0
NP_m_11_rab04b.wav,NP,m,11,rab,rab,1,0
NP_m_11_rab05b.wav,NP,m,11,rab,rab,1,0
NP_m_11_rab06b.wav,NP,m,11,rab,rab,1,0
NP_m_11_rab07b.wav,NP,m,11,rab,rab,1,0
NP_m_11_rab08b.wav,NP,m,11,rab,rab,1,0
NP_m_11_rab09b.wav,NP,m,11,rab,rab,1,0
NP_m_11_rab11b.wav,NP,m,11,rab,rab,1,0
NP_m_11_rab12b.wav,NP,m,11,rab,rab,1,0
NP_m_11_rab13b.wav,NP,m,11,rab,rab,1,0
NP_m_11_sor01b.wav,NP,m,11,sor,sor,1,0
NP_m_11_sor02b.wav,NP,m,11,sor,sor,1,0
NP_m_11_sor03b.wav,NP,m,11,sor,sor,1,0
NP_m_11_sor04b.wav,NP,m,11,sor,sor,1,0
NP_m_11_sor13b.wav,NP,m,11,sor,sor,1,0
PR_m_11_col00a.wav,PR,m,11,col,col,1,0
PR_m_11_col11b.wav,PR,m,11,col,col,1,0
PR_m_11_col12b.wav,PR,m,11,col,col,1,0
PR_m_11_gio17b.wav,PR,m,11,gio,gio,1,0
PR_m_11_gio18b.wav,PR,m,11,gio,gio,1,0
PR_m_11_gio19b.wav,PR,m,11,gio,gio,1,0
PR_m_11_pau00a.wav,PR,m,11,pau,pau,1,0
PR_m_11_pau12b.wav,PR,m,11,pau,pau,1,0
PR_m_11_pau13b.wav,PR,m,11,pau,pau,1,0
PR_m_11_pau14b.wav,PR,m,11,pau,pau,1,0
PR_m_11_pau15b.wav,PR,m,11,pau,pau,1,0
PR_m_11_rab00a.wav,PR,m,11,rab,rab,1,0
PR_m_11_rab10b.wav,PR,m,11,rab,rab,1,0
PR_m_11_rab14b.wav,PR,m,11,rab,rab,1,0
PR_m_11_rab15b.wav,PR,m,11,rab,rab,1,0
PR_m_11_rab17b.wav,PR,m,11,rab,rab,1,0
PR_m_11_rab18b.wav,PR,m,11,rab,rab,1,0
PR_m_11_rab19b.wav,PR,m,11,rab,rab,1,0
PR_m_11_rab20b.wav,PR,m,11,rab,rab,1,0
PR_m_11_sor05b.wav,PR,m,11,sor,sor,1,0
PR_m_11_sor06b.wav,PR,m,11,sor,sor,1,0
PR_m_11_sor07b.wav,PR,m,11,sor,sor,1,0
PR_m_11_sor08b.wav,PR,m,11,sor,sor,1,0
PR_m_11_sor11b.wav,PR,m,11,sor,sor,1,0
PR_m_11_sor12b.wav,PR,m,11,sor,sor,1,0
PR_m_11_tri00a.wav,PR,m,11,tri,tri,1,0
PR_m_11_tri01b.wav,PR,m,11,tri,tri,1,0
PR_m_11_tri02b.wav,PR,m,11,tri,tri,1,0
PR_m_11_tri03b.wav,PR,m,11,tri,tri,1,0
PR_m_11_tri04b.wav,PR,m,11,tri,tri,1,0
PR_m_11_tri05b.wav,PR,m,11,tri,tri,1,0
PR_m_11_tri06b.wav,PR,m,11,tri,tri,1,0
PR_m_11_tri07b.wav,PR,m,11,tri,tri,1,0
PR_m_11_tri08b.wav,PR,m,11,tri,tri,1,0
PR_m_11_tri10b.wav,PR,m,11,tri,tri,1,0
PR_m_11_tri11b.wav,PR,m,11,tri,tri,1,0
PR_m_11_tri12b.wav,PR,m,11,tri,tri,1,0
PR_m_11_tri13b.wav,PR,m,11,tri,tri,1,0
PR_m_11_tri14b.wav,PR,m,11,tri,tri,1,0
PR_m_11_tri15b.wav,PR,m,11,tri,tri,1,0
PR_m_11_tri16b.wav,PR,m,11,tri,tri,1,0
PR_m_11_tri19b.wav,PR,m,11,tri,tri,1,0
NP_m_11_col05b.wav,NP,m,11,col,col,0,0
NP_m_11_col13b.wav,NP,m,11,col,gio,0,0
NP_m_11_dis00a.wav,NP,m,11,dis,pau,0,0
NP_m_11_dis07b.wav,NP,m,11,dis,gio,0,0
NP_m_11_dis08b.wav,NP,m,11,dis,dis,0,0
NP_m_11_dis16b.wav,NP,m,11,dis,dis,0,0
NP_m_11_gio04b.wav,NP,m,11,gio,gio,0,0
NP_m_11_gio15b.wav,NP,m,11,gio,sor,0,0
NP_m_11_gio20b.wav,NP,m,11,gio,gio,0,0
NP_m_11_pau03b.wav,NP,m,11,pau,dis,0,0
NP_m_11_pau09b.wav,NP,m,11,pau,tri,0,0
NP_m_11_rab01b.wav,NP,m,11,rab,gio,0,0
PR_m_11_gio00a.wav,PR,m,11,gio,dis,0,0
PR_m_11_gio01c.wav,PR,m,11,gio,rab,0,0
PR_m_11_rab16b.wav,PR,m,11,rab,pau,0,0
PR_m_11_sor00a.wav,PR,m,11,sor,rab,0,0
PR_m_11_sor09b.wav,PR,m,11,sor,dis,0,0
PR_m_11_sor10b.wav,PR,m,11,sor,rab,0,0
PR_m_11_tri09b.wav,PR,m,11,tri,tri,0,0
PR_m_11_tri17b.wav,PR,m,11,tri,tri,0,0
PR_m_11_tri18b.wav,PR,m,11,tri,tri,0,0
